image_id,source_group,specimen_id,spot_number,review_priority,review_priority_order,priority_color_hex,review_rank,review_score_percentile,review_reason,analysis_eligible,analysis_status,flag_insufficient_coverage,n_classifications_raw,n_unique_participants,n_additional_submissions_ignored,stomatal_index_median,stomatal_index_pooled,stomatal_index_iqr,stoma_median,stoma_iqr,regular_median,regular_iqr,uncertain_mark_fraction,disagreement_level,disagreement_percentile,uncertainty_level,uncertainty_percentile
balt_rsb_1292_a_l_spot2_200x_grid,BALT,1292,2,red,1,#D62728,1,100.0,high disagreement; high uncertainty,1,Eligible,0,49,47,2,0.1235955056179775,0.1392363396971692,0.274438202247191,9.0,3.0,69.0,67.0,0.0715158924205379,high,100.0,high,100.0
blandy_rsb_1284_e_l_shade_long_spot4_200x_grid,Blandy,1284,4,red,1,#D62728,2,100.0,insufficient participant coverage,0,Insufficient coverage,1,1,1,0,0.5,0.5,0.0,7.0,0.0,7.0,0.0,0.2222222222222222,not_assessed,,not_assessed,
balt_rsb_1292_a_l_spot5_200x_grid,BALT,1292,5,red,1,#D62728,3,98.96907216494846,moderate disagreement; high uncertainty,1,Eligible,0,51,48,3,0.1040313852813852,0.1195851128737034,0.0699553001277139,7.0,1.25,63.5,30.5,0.0591274397244546,moderate,86.5979381443299,high,98.96907216494846
balt_rsb_1292_c_l_spot6_200x_grid,BALT,1292,6,red,1,#D62728,4,98.96907216494846,high disagreement,1,Eligible,0,51,49,2,0.0930232558139534,0.0983813859382903,0.161833855799373,8.0,2.0,84.0,81.0,0.0351390922401171,high,98.96907216494846,normal,73.19587628865979
balt_rsb_1292_a_l_spot4_200x_grid,BALT,1292,4,red,1,#D62728,5,97.9381443298969,high disagreement; high uncertainty,1,Eligible,0,51,50,1,0.1079002079002079,0.1180124223602484,0.1549595848631272,7.0,1.75,55.0,35.5,0.0463414634146341,high,97.9381443298969,high,90.72164948453609
blandy_rsb_1287_b_l_shade_short_spot5_200x_grid,Blandy,1287,5,red,1,#D62728,6,97.9381443298969,high uncertainty,1,Eligible,0,50,50,0,0.0833333333333333,0.0873675164709252,0.0368265879931866,6.0,2.0,74.0,28.75,0.0536730821360802,normal,54.63917525773196,high,97.9381443298969
rsb_1427_a_l_spot2_200x_grid,RSB,1427,2,red,1,#D62728,7,96.90721649484536,high disagreement; high uncertainty,1,Eligible,0,51,51,0,0.1063829787234042,0.1145523971149766,0.0967956211355933,11.0,1.0,92.0,54.0,0.0536036940373419,high,95.8762886597938,high,96.90721649484536
rsb_1439_ucd_gb1d_r50_l_spot2_200x_grid,RSB,1439,2,red,1,#D62728,8,96.90721649484536,high disagreement; moderate uncertainty,1,Eligible,0,50,50,0,0.1257911392405063,0.1365494685200327,0.1488385643691942,10.5,1.0,75.0,62.0,0.0372605615324061,high,96.90721649484536,moderate,77.31958762886599
rsb_1434_ucd_gb2a_r60_l_spot4_200x_grid,RSB,1434,4,red,1,#D62728,9,95.8762886597938,high uncertainty,1,Eligible,0,50,50,0,0.108695652173913,0.1219135802469135,0.0502542949637641,5.0,1.75,38.5,15.5,0.053554040895813,normal,68.04123711340206,high,95.8762886597938
balt_rsb_1292_a_l_spot6_200x_grid,BALT,1292,6,red,1,#D62728,10,94.84536082474226,high uncertainty,1,Eligible,0,51,51,0,0.0821917808219178,0.0902964959568733,0.0498983576739956,5.0,2.5,57.0,18.5,0.0514541387024608,normal,67.0103092783505,high,94.84536082474226
rsb_1440_ucd_gb2d_r57_l_spot6_200x_grid,RSB,1440,6,red,1,#D62728,11,94.84536082474226,high disagreement; high uncertainty,1,Eligible,0,52,42,10,0.1346153846153846,0.1421957671957672,0.0897484699208837,12.0,4.75,72.5,43.75,0.0487574709027996,high,94.84536082474226,high,92.78350515463916
balt_rsb_1292_b_l_spot7_200x_grid,BALT,1292,7,red,1,#D62728,12,93.81443298969072,high uncertainty,1,Eligible,0,50,49,1,0.1092436974789916,0.1142425767488676,0.0527903469079939,10.0,4.0,85.0,42.0,0.0488271900430828,normal,73.19587628865979,high,93.81443298969072
balt_rsb_1292_c_l_spot3_200x_grid,BALT,1292,3,red,1,#D62728,13,93.81443298969072,high disagreement,1,Eligible,0,51,50,1,0.1483314998166483,0.1528741328047571,0.0815724479414364,14.0,5.0,74.0,38.0,0.0319021348045094,high,93.81443298969072,normal,67.0103092783505
rsb_1407_l_spot1_200x_grid,RSB,1407,1,red,1,#D62728,14,92.78350515463916,high disagreement,1,Eligible,0,232,162,70,0.1458333333333333,0.1458215297450425,0.0758087798823592,14.0,1.0,82.0,44.75,0.0252657738506143,high,92.78350515463916,normal,43.29896907216495
balt_rsb_1292_b_l_spot2_200x_grid,BALT,1292,2,red,1,#D62728,15,91.75257731958764,high uncertainty,1,Eligible,0,53,53,0,0.1166666666666666,0.1204986149584487,0.0467132505175983,9.0,3.0,62.0,34.0,0.0472420163631565,normal,64.94845360824742,high,91.75257731958764
usnah_3806_10_15_1968_l_spot6_200x_grid,USNAH,,6,red,1,#D62728,16,91.75257731958764,high disagreement; moderate uncertainty,1,Eligible,0,58,49,9,0.1046511627906976,0.1422018348623853,0.0741758241758241,9.0,0.0,75.0,48.0,0.0424597364568082,high,91.75257731958764,moderate,88.65979381443299
rsb_1438_ucd_gb1d_r21_l_spot1_200x_grid,RSB,1438,1,red,1,#D62728,17,90.72164948453609,high disagreement,1,Eligible,0,50,50,0,0.1047544409613375,0.1160813308687615,0.0738539238539238,7.0,1.0,57.5,39.5,0.022053506869125,high,90.72164948453609,normal,27.835051546391757
rsb_1406_l_spot5_200x_grid,RSB,1406,5,red,1,#D62728,18,86.5979381443299,moderate disagreement; moderate uncertainty,1,Eligible,0,50,50,0,0.108433734939759,0.121352140077821,0.0668063468088557,10.0,2.0,80.5,51.75,0.0414918414918414,moderate,84.5360824742268,moderate,86.5979381443299
rsb_1435_ucd_gb2a_r50_l_spot5_200x_grid,RSB,1435,5,red,1,#D62728,19,83.50515463917526,moderate disagreement; moderate uncertainty,1,Eligible,0,50,49,1,0.1333333333333333,0.1372605090077209,0.0539215686274509,11.0,2.0,65.0,32.0,0.0403402854006586,moderate,76.28865979381443,moderate,83.50515463917526
nmnh_s_sun_e_long_l_spot08_200x_grid,NMNH,,8,red,1,#D62728,20,79.38144329896907,moderate disagreement; moderate uncertainty,1,Eligible,0,51,51,0,0.0909090909090909,0.1016858442601016,0.0557524415507546,7.0,1.0,73.0,38.0,0.0388374485596707,moderate,78.35051546391753,moderate,79.38144329896907
capitol_rsb1343_e_l_spot2_200x_grid,Capitol,1343,2,yellow,2,#F2C744,21,89.69072164948454,moderate uncertainty,1,Eligible,0,50,48,2,0.1081278538812785,0.1252782193958664,0.0393120705466857,8.0,1.0,60.0,16.5,0.0458131067961165,normal,56.70103092783505,moderate,89.69072164948454
usnah_3806_10_15_1968_l_spot1_200x_grid,USNAH,,1,yellow,2,#F2C744,22,89.69072164948454,moderate disagreement,1,Eligible,0,240,157,82,0.1214953271028037,0.127215849843587,0.0738053097345132,12.0,3.0,87.0,57.0,0.0238476079685909,moderate,89.69072164948454,normal,36.08247422680412
rsb_1401_a_l_spot7_200x_1_grid,RSB,1401,7,yellow,2,#F2C744,23,88.65979381443299,moderate disagreement,1,Eligible,0,51,51,0,0.1504424778761062,0.1678992604437337,0.0726498265033359,17.0,3.0,95.0,49.5,0.0245661922402027,moderate,88.65979381443299,normal,41.23711340206185
blandy_rsb_1274_a_l_north_shade_long_spot7_200x_grid,Blandy,1274,7,yellow,2,#F2C744,24,87.62886597938144,moderate uncertainty,1,Eligible,0,50,49,1,0.106060606060606,0.1138078058379796,0.0529695024077046,7.0,1.0,59.0,38.0,0.0423994974874371,normal,74.22680412371135,moderate,87.62886597938144
blandy_rsb_1286_c_l_south_shade_long_spot3_200x_grid,Blandy,1286,3,yellow,2,#F2C744,25,87.62886597938144,moderate disagreement,1,Eligible,0,51,50,1,0.0839201877934272,0.0985835694050991,0.0702166221179547,7.0,1.0,73.0,55.25,0.0352555342989888,moderate,87.62886597938144,normal,74.22680412371135
capitol_rsb1343_e_l_spot5_200x_grid,Capitol,1343,5,yellow,2,#F2C744,26,85.56701030927834,moderate disagreement,1,Eligible,0,220,152,68,0.1240384615384615,0.1315874208436191,0.0687971342383107,8.0,1.0,62.5,38.75,0.0167792317433516,moderate,85.56701030927834,normal,9.278350515463918
rsb_1427_a_l_spot3_200x_grid,RSB,1427,3,yellow,2,#F2C744,27,85.56701030927834,moderate uncertainty,1,Eligible,0,50,50,0,0.1316194581280788,0.1438864166136893,0.0515565834880476,14.0,2.0,88.5,41.25,0.0414381474710542,normal,71.1340206185567,moderate,85.56701030927834
rsb_1441_ucd_gb2d_r33_l_spot7_200x_grid,RSB,1441,7,yellow,2,#F2C744,28,84.5360824742268,moderate uncertainty,1,Eligible,0,50,48,2,0.0778499278499278,0.0831415420023014,0.0273889404257266,6.0,2.0,73.0,27.75,0.0413678985107556,normal,27.835051546391757,moderate,84.5360824742268
rsb_1409_l_spot1_200x_grid,RSB,1409,1,yellow,2,#F2C744,29,83.50515463917526,moderate disagreement,1,Eligible,0,225,147,78,0.1081081081081081,0.1116576126853619,0.0655892618673802,11.0,2.0,93.0,52.0,0.0153957354535598,moderate,83.50515463917526,normal,7.216494845360824
balt_rsb_1292_c_l_spot5_200x_grid,BALT,1292,5,yellow,2,#F2C744,30,82.4742268041237,moderate uncertainty,1,Eligible,0,50,50,0,0.1215506715506715,0.1203897007654836,0.0403668207853987,11.0,0.0,79.5,32.75,0.040293855743544,normal,57.73195876288659,moderate,82.4742268041237
rsb_1432_ucd_gb1a_r17_l_spot3_200x_grid,RSB,1432,3,yellow,2,#F2C744,31,82.4742268041237,moderate disagreement,1,Eligible,0,50,50,0,0.1296296296296296,0.1553903345724907,0.0636852036852036,8.0,2.75,49.5,24.0,0.0196793002915451,moderate,82.4742268041237,normal,18.55670103092784
capitol_rsb1343_a_l_spot3_200x_grid,Capitol,1343,3,yellow,2,#F2C744,32,81.44329896907216,moderate uncertainty,1,Eligible,0,50,50,0,0.1138286620835536,0.1137783623807957,0.0312673488223619,7.0,0.0,55.0,18.75,0.0397852857593937,normal,38.144329896907216,moderate,81.44329896907216
rsb_1435_ucd_gb2a_r50_l_spot4_200x_grid,RSB,1435,4,yellow,2,#F2C744,33,81.44329896907216,moderate disagreement,1,Eligible,0,248,162,86,0.1038961038961039,0.1099714591509097,0.0630434782608695,8.0,0.0,67.5,35.0,0.0188150870744727,moderate,81.44329896907216,normal,17.525773195876287
rsb_1272_b_2_l_spot2_200x_86_grid,RSB,1272,2,yellow,2,#F2C744,34,80.41237113402062,moderate uncertainty,1,Eligible,0,50,50,0,0.0982957595276435,0.1010785051417105,0.019821502698215,8.0,1.0,76.5,18.75,0.0395085521561069,normal,9.278350515463918,moderate,80.41237113402062
rsb_1413_a_l_spot4_200x_grid,RSB,1413,4,yellow,2,#F2C744,35,80.41237113402062,moderate disagreement,1,Eligible,0,231,155,76,0.1318681318681318,0.1416191928107197,0.0616354234001292,12.0,1.0,77.0,40.0,0.0104803493449781,moderate,80.41237113402062,normal,2.061855670103093
rsb_1272_a_l_spot6_200x_118_grid,RSB,1272,6,yellow,2,#F2C744,36,79.38144329896907,moderate disagreement,1,Eligible,0,50,50,0,0.1125730994152046,0.1300830782684739,0.0579340141398271,12.0,2.0,95.5,48.0,0.0284621920135938,moderate,79.38144329896907,normal,55.67010309278351
rsb_1272_a_1_l_spot6_200x_111_grid,RSB,1272,6,yellow,2,#F2C744,37,78.35051546391753,moderate uncertainty,1,Eligible,0,50,50,0,0.0774225774225774,0.0878853434288804,0.0227272727272727,6.0,1.75,77.0,18.5,0.0377309393702836,normal,15.463917525773196,moderate,78.35051546391753
rsb_1439_ucd_gb1d_r50_l_spot1_200x_grid,RSB,1439,1,yellow,2,#F2C744,38,77.31958762886599,moderate disagreement,1,Eligible,0,51,50,1,0.1098901098901098,0.1264935064935065,0.0551254373557656,10.0,0.0,81.0,38.75,0.0333919156414762,moderate,77.31958762886599,normal,70.10309278350515
rsb_1441_ucd_gb2d_r33_l_spot6_200x_grid,RSB,1441,6,yellow,2,#F2C744,39,76.28865979381443,moderate uncertainty,1,Eligible,0,50,47,3,0.1057692307692307,0.1164049810503519,0.0357735427270698,10.0,2.5,81.0,19.0,0.0370177267987487,normal,52.57731958762887,moderate,76.28865979381443
rsb_1433_ucd_gb1a_r33_l_spot6_200x_grid,RSB,1433,6,yellow,2,#F2C744,40,75.25773195876289,moderate uncertainty,1,Eligible,0,50,50,0,0.1435935198821796,0.1516146688560481,0.0238965677795465,12.0,4.0,69.5,22.75,0.0361382221049854,normal,20.61855670103093,moderate,75.25773195876289
rsb_1439_ucd_gb1d_r50_l_spot4_200x_grid,RSB,1439,4,yellow,2,#F2C744,41,75.25773195876289,moderate disagreement,1,Eligible,0,49,49,0,0.1320754716981132,0.1504775215467039,0.0531078475003708,14.0,2.0,84.0,33.0,0.0300497062810664,moderate,75.25773195876289,normal,61.855670103092784
rsb_1409_l_spot3_200x_grid,RSB,1409,3,green,3,#2CA02C,42,72.16494845360825,no unusual quality signal,1,Eligible,0,50,50,0,0.1004587155963302,0.103470165044435,0.0343301752235055,11.0,2.0,97.5,45.25,0.0347222222222222,normal,48.45360824742268,normal,72.16494845360825
usnah_15049a_8_1920_l_spot7_200x_grid,USNAH,,7,green,3,#2CA02C,43,72.16494845360825,no unusual quality signal,1,Eligible,0,50,50,0,0.0957671957671957,0.1056925996204933,0.0526135035189324,11.0,1.0,109.0,49.0,0.0116279069767441,normal,72.16494845360825,normal,3.0927835051546397
rsb_1416_a_l_spot3_200x_grid,RSB,1416,3,green,3,#2CA02C,44,71.1340206185567,no unusual quality signal,1,Eligible,0,50,50,0,0.0848516015280634,0.0913324708926261,0.0245261984392419,7.0,0.0,75.5,22.5,0.03375,normal,21.649484536082475,normal,71.1340206185567
rsb_1272_a_2_l_spot5_200x_106_grid,RSB,1272,5,green,3,#2CA02C,45,70.10309278350515,no unusual quality signal,1,Eligible,0,229,154,75,0.1136363636363636,0.1184322033898305,0.0513671934887415,11.0,1.0,88.5,42.75,0.0245246624414439,normal,70.10309278350515,normal,40.20618556701031
capitol_rsb1343_d_l_spot5_200x_grid,Capitol,1343,5,green,3,#2CA02C,46,69.0721649484536,no unusual quality signal,1,Eligible,0,50,49,1,0.1341463414634146,0.140031233732431,0.0506535947712418,11.0,2.0,71.0,30.0,0.0221430389412064,normal,69.0721649484536,normal,28.865979381443296
rsb_1440_ucd_gb2d_r57_l_spot7_200x_grid,RSB,1440,7,green,3,#2CA02C,47,69.0721649484536,no unusual quality signal,1,Eligible,0,50,48,2,0.1384943181818181,0.1431918771153345,0.0350478468899521,12.0,2.5,71.5,27.25,0.0332242637805185,normal,50.51546391752577,normal,69.0721649484536
blandy_rsb_1287_b_l_shade_short_spot7_200x_grid,Blandy,1287,7,green,3,#2CA02C,48,68.04123711340206,no unusual quality signal,1,Eligible,0,49,49,0,0.074074074074074,0.0824797843665768,0.0305232558139534,6.0,1.0,78.0,33.0,0.032089746934516,normal,37.11340206185567,normal,68.04123711340206
blandy_rsb_1273_b_l_sun_long_spot1_200x_grid,Blandy,1273,1,green,3,#2CA02C,49,65.97938144329896,no unusual quality signal,1,Eligible,0,59,57,2,0.0659340659340659,0.0728384765082012,0.0247915752523036,4.0,3.0,70.0,31.0,0.0317631224764468,normal,22.68041237113402,normal,65.97938144329896
rsb_1413_a_l_spot6_200x_grid,RSB,1413,6,green,3,#2CA02C,50,65.97938144329896,no unusual quality signal,1,Eligible,0,51,51,0,0.1234567901234567,0.128992628992629,0.0482868180324486,10.0,1.0,72.0,31.5,0.0242148165907456,normal,65.97938144329896,normal,37.11340206185567
blandy_rsb_1286_c_l_south_shade_long_spot6_200x_grid,Blandy,1286,6,green,3,#2CA02C,51,64.94845360824742,no unusual quality signal,1,Eligible,0,50,50,0,0.0802230802230802,0.0841872057601772,0.0278415006046584,6.0,2.0,74.5,26.25,0.0316438723518369,normal,29.89690721649485,normal,64.94845360824742
capitol_rsb1343_d_l_spot6_200x_grid,Capitol,1343,6,green,3,#2CA02C,52,63.91752577319587,no unusual quality signal,1,Eligible,0,51,51,0,0.1170212765957446,0.1218981279930343,0.0302109631755649,11.0,1.0,80.0,24.5,0.031618887015177,normal,36.08247422680412,normal,63.91752577319587
rsb_1272_a_2_l_spot4_200x_133_grid,RSB,1272,4,green,3,#2CA02C,53,63.91752577319587,no unusual quality signal,1,Eligible,0,51,50,1,0.1030061892130857,0.1131687242798353,0.045599209833187,9.0,0.0,76.0,34.75,0.0184296894723554,normal,63.91752577319587,normal,15.463917525773196
rsb_1407_l_spot2_200x_grid,RSB,1407,2,green,3,#2CA02C,54,62.88659793814433,no unusual quality signal,1,Eligible,0,50,49,1,0.1101694915254237,0.1191120736329182,0.0299725964832153,14.0,3.0,108.0,40.0,0.0302765138256912,normal,35.051546391752574,normal,62.88659793814433
rsb_1416_a_l_spot5_200x_grid,RSB,1416,5,green,3,#2CA02C,55,62.88659793814433,no unusual quality signal,1,Eligible,0,102,86,16,0.0985245583381867,0.1057069718415901,0.0431872749099639,8.0,3.0,78.0,26.5,0.0223759752686589,normal,62.88659793814433,normal,29.89690721649485
rsb_1416_a_l_spot1_200x_grid,RSB,1416,1,green,3,#2CA02C,56,61.855670103092784,no unusual quality signal,1,Eligible,0,54,53,1,0.1195652173913043,0.1228263262161567,0.0424663127807268,11.0,0.0,81.0,29.0,0.0187904967602591,normal,61.855670103092784,normal,16.49484536082474
rsb_1416_a_l_spot4_200x_grid,RSB,1416,4,green,3,#2CA02C,57,60.824742268041234,no unusual quality signal,1,Eligible,0,53,53,0,0.0952380952380952,0.1034482758620689,0.0416666666666666,8.0,1.0,79.0,37.0,0.029965156794425,normal,59.27835051546392,normal,60.824742268041234
rsb_1427_a_l_spot5_200x_grid,RSB,1427,5,green,3,#2CA02C,58,60.824742268041234,no unusual quality signal,1,Eligible,0,51,50,1,0.1194841012329656,0.1216931216931216,0.04177360033969,11.0,3.75,78.5,32.5,0.0273684210526315,normal,60.824742268041234,normal,50.51546391752577
rsb_1340_e_l_spot6_200x_grid,RSB,1340,6,green,3,#2CA02C,59,59.79381443298969,no unusual quality signal,1,Eligible,0,50,49,1,0.1011235955056179,0.111927642736009,0.034090909090909,9.0,2.0,71.0,26.0,0.0296215030170049,normal,47.42268041237113,normal,59.79381443298969
rsb_1440_ucd_gb2d_r57_l_spot1_200x_grid,RSB,1440,1,green,3,#2CA02C,60,59.27835051546392,no unusual quality signal,1,Eligible,0,50,49,1,0.1386138613861386,0.1475896168108776,0.0416666666666666,13.0,2.0,83.0,29.0,0.0243608297153883,normal,59.27835051546392,normal,38.144329896907216
blandy_rsb_1284_c_l_shade_long_spot1_200x_grid,Blandy,1284,1,green,3,#2CA02C,61,58.76288659793815,no unusual quality signal,1,Eligible,0,49,49,0,0.0609756097560975,0.0655183020609043,0.0235897435897435,4.0,1.0,68.0,23.0,0.0292624664078829,normal,17.525773195876287,normal,58.76288659793815
rsb_1404_a_l_spot2_200x_grid,RSB,1404,2,green,3,#2CA02C,62,57.73195876288659,no unusual quality signal,1,Eligible,0,50,50,0,0.088235294117647,0.0922878347854146,0.0263411652559202,6.0,0.0,61.0,18.75,0.0288310874334064,normal,24.742268041237114,normal,57.73195876288659
rsb_1272_a_3_l_spot2_200x_120_grid,RSB,1272,2,green,3,#2CA02C,63,56.70103092783505,no unusual quality signal,1,Eligible,0,50,50,0,0.1025641025641025,0.1110340041637751,0.0265542919612687,10.0,3.0,86.0,23.5,0.0285393258426966,normal,25.773195876288657,normal,56.70103092783505
rsb_1404_a_l_spot7_200x_grid,RSB,1404,7,green,3,#2CA02C,64,55.67010309278351,no unusual quality signal,1,Eligible,0,50,50,0,0.0946778711484593,0.1043632075471698,0.0380016783833269,7.0,1.0,68.0,23.0,0.0244463618061547,normal,55.67010309278351,normal,39.175257731958766
rsb_1404_b_l_spot6_200x_grid,RSB,1404,6,green,3,#2CA02C,65,54.63917525773196,no unusual quality signal,1,Eligible,0,51,50,1,0.0794552669552669,0.0851693521867806,0.0189413484692122,5.0,0.75,60.0,17.75,0.0278132992327365,normal,8.24742268041237,normal,54.63917525773196
rsb_1272_a_2_l_spot3_200x_28_grid,RSB,1272,3,green,3,#2CA02C,66,53.608247422680414,no unusual quality signal,1,Eligible,0,51,51,0,0.1078431372549019,0.1136521136521136,0.0365749008393624,10.0,2.5,90.0,41.0,0.0230196343940419,normal,53.608247422680414,normal,31.95876288659793
rsb_1404_b_l_spot7_200x_grid,RSB,1404,7,green,3,#2CA02C,67,53.608247422680414,no unusual quality signal,1,Eligible,0,50,50,0,0.0958904109589041,0.1102803738317757,0.0238446336272423,7.0,1.0,66.0,17.0,0.0275674038170251,normal,19.587628865979383,normal,53.608247422680414
rsb_1413_a_l_spot7_200x_grid,RSB,1413,7,green,3,#2CA02C,68,52.57731958762887,no unusual quality signal,1,Eligible,0,50,49,1,0.1063829787234042,0.1115468409586056,0.0294612794612794,10.0,1.0,91.0,24.0,0.0275423728813559,normal,32.98969072164948,normal,52.57731958762887
rsb_1416_a_l_spot2_200x_grid,RSB,1416,2,green,3,#2CA02C,69,51.546391752577314,no unusual quality signal,1,Eligible,0,51,51,0,0.1,0.1027350034474833,0.033881032381937,9.0,0.0,86.0,34.0,0.0274921770227983,normal,46.39175257731959,normal,51.546391752577314
rsb_1440_ucd_gb2d_r57_l_spot3_200x_grid,RSB,1440,3,green,3,#2CA02C,70,51.546391752577314,no unusual quality signal,1,Eligible,0,50,50,0,0.1390096618357488,0.1452017323911557,0.0356084223964807,14.0,3.0,83.0,31.0,0.0231574259630371,normal,51.546391752577314,normal,32.98969072164948
rsb_1404_a_l_spot4_200x_grid,RSB,1404,4,green,3,#2CA02C,71,49.48453608247423,no unusual quality signal,1,Eligible,0,51,50,1,0.0981632038542607,0.1062815479528884,0.0226730276193249,8.0,0.0,73.5,22.0,0.0267467248908296,normal,14.432989690721648,normal,49.48453608247423
rsb_1407_l_spot4_200x_grid,RSB,1407,4,green,3,#2CA02C,72,49.48453608247423,no unusual quality signal,1,Eligible,0,50,50,0,0.1174172794117647,0.1199183218860219,0.0344194044709928,13.0,2.0,101.5,41.25,0.0164323534781814,normal,49.48453608247423,normal,8.24742268041237
rsb_1404_a_l_spot6_200x_grid,RSB,1404,6,green,3,#2CA02C,73,48.45360824742268,no unusual quality signal,1,Eligible,0,49,49,0,0.0963855421686747,0.1006692693809258,0.0188034188034188,8.0,1.0,71.0,19.0,0.0266015200868621,normal,7.216494845360824,normal,48.45360824742268
blandy_rsb_1285_d_l_south_shade_short_spot6_200x_grid,Blandy,1285,6,green,3,#2CA02C,74,47.42268041237113,no unusual quality signal,1,Eligible,0,50,50,0,0.0653622693096377,0.0705275229357798,0.0187553189641697,5.0,0.0,69.0,17.5,0.0265140943343566,normal,6.185567010309279,normal,47.42268041237113
rsb_1409_l_spot6_200x_grid,RSB,1409,6,green,3,#2CA02C,75,46.39175257731959,no unusual quality signal,1,Eligible,0,50,50,0,0.0981775168667309,0.1020408163265306,0.0282255801923599,10.0,1.0,97.5,25.25,0.0262885530945973,normal,30.927835051546392,normal,46.39175257731959
rsb_1433_ucd_gb1a_r33_l_spot7_200x_grid,RSB,1433,7,green,3,#2CA02C,76,45.36082474226804,no unusual quality signal,1,Eligible,0,50,50,0,0.1543040293040293,0.1642764015645371,0.0338042495479204,14.0,1.0,74.0,18.75,0.025660569105691,normal,45.36082474226804,normal,45.36082474226804
rsb_1272_a_3_l_spot5_200x_57_grid,RSB,1272,5,green,3,#2CA02C,77,44.329896907216494,no unusual quality signal,1,Eligible,0,50,50,0,0.1099450549450549,0.1225180505415162,0.0337624584717608,11.0,1.0,88.0,39.5,0.0237885462555066,normal,44.329896907216494,normal,35.051546391752574
rsb_1407_l_spot7_200x_grid,RSB,1407,7,green,3,#2CA02C,78,44.329896907216494,no unusual quality signal,1,Eligible,0,50,49,1,0.1294964028776978,0.1345855591935205,0.0182072829131652,16.0,3.0,111.0,37.0,0.0255247691015952,normal,4.123711340206185,normal,44.329896907216494
rsb_1427_a_l_spot7_200x_grid,RSB,1427,7,green,3,#2CA02C,79,43.29896907216495,no unusual quality signal,1,Eligible,0,49,48,1,0.121045621045621,0.1347768448961555,0.0337101723282915,12.0,2.0,93.5,22.75,0.0237273511647972,normal,43.29896907216495,normal,34.02061855670103
blandy_rsb_1285_c_l_south_shade_short_spot1_200x_grid,Blandy,1285,1,green,3,#2CA02C,80,42.2680412371134,no unusual quality signal,1,Eligible,0,232,161,71,0.0958904109589041,0.0994485294117647,0.032901296111665,7.0,2.0,68.0,25.0,0.0128833242605697,normal,42.2680412371134,normal,4.123711340206185
rsb_1409_l_spot4_200x_grid,RSB,1409,4,green,3,#2CA02C,81,42.2680412371134,no unusual quality signal,1,Eligible,0,100,80,20,0.0728219696969696,0.0783410138248847,0.0294853527535416,7.0,2.0,81.5,40.75,0.0246435213887166,normal,34.02061855670103,normal,42.2680412371134
capitol_rsb1343_b_l_spot2_200x_grid,Capitol,1343,2,green,3,#2CA02C,82,41.23711340206185,no unusual quality signal,1,Eligible,0,235,163,72,0.0895522388059701,0.0988817560571546,0.0328078078078078,6.0,1.0,61.0,26.0,0.0173974972021568,normal,41.23711340206185,normal,11.34020618556701
rsb_1404_a_l_spot1_200x_grid,RSB,1404,1,green,3,#2CA02C,83,40.20618556701031,no unusual quality signal,1,Eligible,0,50,50,0,0.1059649122807017,0.1140243902439024,0.0315420905204186,8.0,0.0,65.0,22.75,0.0200179265013444,normal,40.20618556701031,normal,20.61855670103093
rsb_1413_a_l_spot5_200x_grid,RSB,1413,5,green,3,#2CA02C,84,39.175257731958766,no unusual quality signal,1,Eligible,0,50,50,0,0.1134714419475655,0.1227598566308243,0.0314705409994034,11.0,2.0,82.0,28.75,0.0214818062253397,normal,39.175257731958766,normal,22.68041237113402
rsb_1404_b_l_spot1_200x_grid,RSB,1404,1,green,3,#2CA02C,85,31.95876288659793,no unusual quality signal,1,Eligible,0,52,51,1,0.1126760563380281,0.1222358722358722,0.0285614768373388,8.0,0.0,63.0,16.5,0.0142294883439297,normal,31.95876288659793,normal,5.154639175257731
blandy_rsb_1273_b_l_sun_long_spot3_200x_grid,Blandy,1273,3,green,3,#2CA02C,86,30.927835051546392,no unusual quality signal,1,Eligible,0,49,49,0,0.0833333333333333,0.0888686684865028,0.0207700101317122,6.0,1.0,74.0,30.0,0.0225318707382152,normal,12.371134020618555,normal,30.927835051546392
blandy_rsb_1284_b_l_shade_long_spot1_200x_grid,Blandy,1284,1,green,3,#2CA02C,87,28.865979381443296,no unusual quality signal,1,Eligible,0,51,51,0,0.0659340659340659,0.0802364864864864,0.0274039145797365,5.0,0.0,74.0,27.0,0.0198675496688741,normal,28.865979381443296,normal,19.587628865979383
blandy_rsb_1287_b_l_shade_short_spot1_200x_grid,Blandy,1287,1,green,3,#2CA02C,88,26.804123711340207,no unusual quality signal,1,Eligible,0,232,159,73,0.0657894736842105,0.0693707024110018,0.027221366204417,5.0,0.0,73.0,25.5,0.0076869925721195,normal,26.804123711340207,normal,1.0309278350515465
rsb_1409_l_spot7_200x_grid,RSB,1409,7,green,3,#2CA02C,89,26.804123711340207,no unusual quality signal,1,Eligible,0,52,50,2,0.1,0.1035022500489141,0.0238049339256279,11.0,2.0,97.0,25.5,0.0218181818181818,normal,18.55670103092784,normal,26.804123711340207
blandy_rsb_1285_c_l_south_shade_short_spot4_200x_grid,Blandy,1285,4,green,3,#2CA02C,90,25.773195876288657,no unusual quality signal,1,Eligible,0,49,48,1,0.0935704514363885,0.1038530237305435,0.0235815753518686,8.0,0.0,78.0,18.5,0.0217174238642036,normal,16.49484536082474,normal,25.773195876288657
blandy_rsb_1287_e_l_shade_short_spot4_200x_grid,Blandy,1287,4,green,3,#2CA02C,91,24.742268041237114,no unusual quality signal,1,Eligible,0,49,49,0,0.0714285714285714,0.0772238514173998,0.0259945750452079,5.0,0.0,65.0,16.0,0.0216767612368504,normal,23.711340206185564,normal,24.742268041237114
rsb_1416_a_l_spot6_200x_grid,RSB,1416,6,green,3,#2CA02C,92,23.711340206185564,no unusual quality signal,1,Eligible,0,101,78,23,0.0786893704850361,0.0816326530612244,0.0161132554528552,8.0,1.75,93.0,21.0,0.0215150734346817,normal,2.061855670103093,normal,23.711340206185564
rsb_1443_ucd_gb3d_12_l_spot8_200x_grid,RSB,1443,8,green,3,#2CA02C,93,21.649484536082475,no unusual quality signal,1,Eligible,0,54,48,6,0.0914315569487983,0.0963748894783377,0.018009852048575,7.0,2.0,73.0,12.0,0.0213441015286991,normal,3.0927835051546397,normal,21.649484536082475
blandy_rsb_1284_b_l_shade_long_spot3_200x_grid,Blandy,1284,3,green,3,#2CA02C,94,14.432989690721648,no unusual quality signal,1,Eligible,0,51,50,1,0.0896479142747799,0.0939157566302652,0.0186046511627906,7.0,1.75,64.5,16.5,0.0183767228177641,normal,5.154639175257731,normal,14.432989690721648
rsb_1404_a_l_spot5_200x_grid,RSB,1404,5,green,3,#2CA02C,95,13.402061855670103,no unusual quality signal,1,Eligible,0,49,49,0,0.0617283950617283,0.0700525394045534,0.0096696212731667,5.0,0.0,74.0,13.0,0.0177752293577981,normal,1.0309278350515465,normal,13.402061855670103
rsb_1417_a_l_spot4_200x_grid,RSB,1417,4,green,3,#2CA02C,96,13.402061855670103,no unusual quality signal,1,Eligible,0,50,49,1,0.1052631578947368,0.1158812136862492,0.0216769617936399,15.0,1.0,127.0,31.0,0.0151009378477189,normal,13.402061855670103,normal,6.185567010309279
blandy_rsb_1287_a_l_shade_short_spot3_200x_grid,Blandy,1287,3,green,3,#2CA02C,97,12.371134020618555,no unusual quality signal,1,Eligible,0,50,50,0,0.0848516015280634,0.0868421052631579,0.02008547008547,7.0,1.0,73.5,13.0,0.0175801447776628,normal,10.309278350515465,normal,12.371134020618555
rsb_1416_a_l_spot7_200x_grid,RSB,1416,7,green,3,#2CA02C,98,11.34020618556701,no unusual quality signal,1,Eligible,0,50,50,0,0.0865384615384615,0.0898108046501025,0.0202921274408658,8.0,2.0,88.0,33.25,0.0168086060062752,normal,11.34020618556701,normal,10.309278350515465
